"presence","AAB_2021","EVI_2021","LSTd_2021","LSTn_2021","SR_2021","TSF_2021"
0,0,0.216541725983982,23.3612961482423,9.02728723240217,0.0759310945043973,19.3917236328125
0,0,0.21975297230105,23.5257077115013,8.67242525055222,0.0679879996760601,11.3035448234396
0,0,0.211627010702206,23.3991917974949,8.06029381701936,0.0646046278396876,7.8886176555042
0,0,0.290003309566446,20.7238507943386,6.76878999490747,0.100619481813548,9.83594371443029
1,0,0.28903024608168,20.9931752045537,6.78927433007878,0.0942896524884683,9.83942043104379
0,0,0.274130238355903,21.0507062906515,6.98489443701911,0.0963290554275394,9.83941647171596
0,0,0.268613755298584,21.4806916262036,6.99774245992709,0.0803022651533014,9.97689051099661
0,0,0.267230015913546,21.8830311660187,6.87875430309641,0.0746184729574178,13.9493790880808
0,0,0.232853659175705,23.6685934309828,9.19583205331182,0.0945985492476623,2.29465100924546
0,0,0.312737100359011,23.677935280818,9.0410690675635,0.067969280121812,2.284912109375
0,0,0.282013759804873,22.9219249167399,9.08178203875612,0.0618115586732623,23
0,0,0.206000814942203,23.0080966260838,9.13928817304884,0.0900315425636361,19.3891836752545
0,0,0.233269601635057,23.8384063407497,8.77704707659966,0.0922828218480635,13.3361130291068
0,0,0.196541322317882,24.5180428802181,8.17589640540979,0.0993873182494983,1.31736296952106
0,0,0.200279639690953,25.4832265963199,7.716258169828,0.0983161500801384,1.3177490234375
0,0,0.231818807461064,25.809434981713,7.43222591954737,0.0892474332263533,1.36055643938007
0,0,0.278283051017419,21.2258410838806,7.26571587334783,0.091765624317867,9.83785802065767
1,0,0.308650549331767,21.316616255875,6.90112872333357,0.0989068037216747,9.83971334749757
0,0,0.288873996117865,21.4787302604811,6.77177660951075,0.0972006895586197,9.8382984541327
1,0,0.279843507468037,21.4988988415984,6.96491373187572,0.0780561922339495,9.84119540131391
0,0,0.273852064471014,21.8138557512332,7.03219240183676,0.0721321537708566,12.4560483664142
0,0,0.342168744759875,22.4094642942265,9.20154966998578,0.0853346065111289,2.28622340406284
0,0,0.308754475000602,22.6717240953958,8.99613399339152,0.0851022416221881,2.284912109375
0,0,0.274608758148418,22.4474703709334,9.0671032157282,0.0792011815467754,23
0,0,0.2330564048746,22.7598486967843,9.18744504440021,0.0830849271977982,23
0,0,0.280755102464375,23.7272579598047,8.93655876100273,0.0895605672267032,8.86090853946948
0,0,0.256443249493793,24.6586421818676,8.58041667291572,0.100289775636783,1.3177490234375
0,0,0.257682876294249,25.5691868013171,8.39210995597408,0.100203878166738,1.3177490234375
0,0,0.259500614802537,25.9181933775509,8.31312020555392,0.0991527047803726,3.93364563002205
0,0,0.224191135904695,24.7847862362059,8.19219962956187,0.0798717303025719,10.225477734514
0,0,0.235171064983728,23.2446960661554,6.76899531113938,0.0816693701825566,7.39636309652018
0,0,0.252394688707266,24.2142555588748,6.68754935209581,0.0879864719748265,8.40372817529756
0,0,0.26793197550744,24.4624126329201,6.83514701832317,0.0814124701302947,9.89305409633311
0,0,0.255120334154616,23.9360112980687,7.24865532998168,0.0789147106153653,8.31956434620927
0,0,0.278680007771117,21.6149565277827,7.65101151968184,0.0915151144901753,9.83769204603083
1,0,0.280446138299126,21.6769115108812,7.2858504228399,0.0969365731953842,9.83792494477029
0,0,0.275090928819285,21.6198265736218,7.13095195092421,0.0961967512309625,9.83837890625
0,0,0.250083460802993,21.7246191558958,7.21733424541384,0.0811358237237986,10.232899741
0,0,0.271362862442471,21.602206488947,7.24054121461363,0.0737942170734486,11.4462240913177
0,0,0.273780546704267,20.3791063062193,8.41706699739346,0.0547441139624219,15.662157281597
0,0,0.261570434866435,19.62305023843,8.11320831793044,0.0525300712596504,15.6629638671875
0,0,0.321638305734618,21.679792909285,8.99153640811247,0.0727952711158428,23
0,0,0.276230237568206,21.9963341034577,8.80085886380178,0.081117541100079,11.3863525390625
0,0,0.269295030308057,22.3504705317612,8.99760299652924,0.0747847991294911,11.3924365677595
0,0,0.274292931559141,22.6157384802233,9.1392507681121,0.0696408646269187,23
0,0,0.316551172073797,23.0371354279066,9.1111997537492,0.0806853518512464,8.58755043359569
0,0,0.247558522343529,24.1858331502962,9.02189384784476,0.0911318176085116,3.53413809930298
0,0,0.255571985017134,25.3372983817097,9.05394452169068,0.106426887999302,1.31845199030965
0,0,0.250053823632426,25.5743565969124,9.0944408883779,0.0959953319290975,5.59817972883863
0,0,0.22464231920763,24.8296721086567,9.02465253397397,0.0929395473403326,10.2332595774308
0,0,0.275363756114036,23.7360740436016,8.98991542744103,0.0692988857201852,10.2313776209215
0,0,0.3129496555612,22.8480904487235,6.76662753836824,0.0913897965698574,23
0,0,0.325830416821559,23.5595166778516,6.59113860843157,0.0967651857606205,10.243896484375
0,0,0.295411085044219,24.1974503282008,6.56248435435682,0.10777848230857,10.2430923423733
0,0,0.281498866526564,24.4949946855727,6.73417955993059,0.0991092890778406,10.2301025390625
0,0,0.252932481017457,24.183870435556,7.12026245473732,0.0931585548317817,8.31987128645436
1,0,0.248139639181984,21.9342779200184,8.20102993548553,0.0912201485037617,10.5868193055862
0,0,0.234384490018118,21.9690860241541,7.90615371133922,0.0831070102152853,11.7042298435612
1,0,0.267500722539949,22.0760257438799,7.75426931339308,0.0871356553440319,11.5194420485898
0,0,0.241525096455105,22.3512613489952,7.5005170947861,0.0866526681559778,12.7120388610349
1,0,0.258825077926569,22.2637434176371,7.37790682434726,0.0805373584243999,11.8408998174053
0,0,0.264675954977134,21.7256074811537,7.54923816096487,0.0713440614368229,11.6585577477647
0,0,0.265751179898444,21.7371321483069,8.4309468843458,0.0586458002458926,15.6629638671875
0,0,0.284663561103775,20.7599414373436,8.3872083123712,0.0479543495595466,23
0,0,0.260603586713731,19.9770562537294,8.36096471619629,0.0455729121862598,23
0,0,0.233833033936774,19.9077728034043,8.35559136331445,0.0499707101804033,23
0,0,0.307920472923769,21.3978500451036,8.96645709918746,0.0600499434596064,23
0,0,0.274492058985034,21.6894403101316,8.78644716451083,0.0650841311088787,11.3863525390625
0,0,0.313587520521839,22.090410400331,8.89140160741051,0.0703793171806412,11.3914715281793
0,0,0.264036350028702,22.2522763416487,9.16503952288898,0.0615496847320726,11.3917236328125
0,0,0.247421065684312,22.5169164390153,9.26030278702072,0.06905239326404,9.80583572322245
0,0,0.209558258904984,23.9309228851522,9.21945623357029,0.100498084314458,2.06834095106464
0,0,0.302445228913719,25.3712203703974,9.18385862733792,0.0994158465008136,3.08612668102125
0,0,0.294588691900388,25.4506077832083,9.25536760944638,0.0967205498538151,8.58853843212531
0,0,0.305809891755206,24.6145080320571,9.39511547497408,0.0731228808930974,10.2326213203871
0,0,0.283866152328733,23.4772842673503,9.37413924848016,0.0654379615057584,10.2301025390625
0,0,0.329696478092314,21.6392674496891,8.4489931026646,0.0686348155985752,23
0,0,0.314100142662336,21.5191264573085,7.99381835451108,0.0711516978760633,23
0,0,0.297082811493679,21.4046189060723,7.55624647195271,0.0751727440298233,6.778076171875
0,0,0.289224070018473,21.9603552695212,7.10411511019187,0.0861584728179926,6.778076171875
0,0,0.286280441418351,23.1291404584048,6.72128662812642,0.105298331682668,23
0,0,0.300816074302102,23.9658350676006,6.54306391424693,0.110729272356438,23
0,0,0.354399290652798,24.2477430254075,6.67560717095532,0.10428497477732,23
0,0,0.301987999369435,24.1198909217858,7.13074224257791,0.110279877062687,23
0,0,0.267080914363415,23.7170569904506,7.44571132250864,0.083306266232298,8.320556640625
0,0,0.302256183272637,23.052280668195,7.54270219688099,0.0708603840254954,12.7186193602961
0,0,0.228203432551166,22.0707745529081,8.43611307008239,0.0710267050589193,11.8085184427417
1,0,0.231544399522816,22.4766866829376,8.24997051028503,0.0852443473098328,13.4430724048951
0,0,0.204900198265715,22.6616950997057,8.336304534011,0.0767836310372838,12.7725830078125
1,0,0.239024071357077,22.8089160998515,8.35821822633136,0.0856377424378819,12.7858365573562
0,0,0.239169087764606,23.1311559903444,8.13668359075779,0.0905579978520054,12.8708721678842
1,0,0.277733083379206,23.1897723186022,7.90138401610578,0.0816105852792874,12.8737025576749
0,0,0.262676803216986,22.6386311300485,7.96304200270143,0.0740273071090943,7.50055609077353
0,0,0.278119282193157,22.8675155285398,7.87059247483035,0.0716892038334085,23
1,0,0.240860300213014,22.8681131635123,7.84825106707362,0.0670049102297427,23
0,0,0.245300261805337,22.2930187776011,8.21350823851424,0.0595408820537259,23
1,0,0.272338205334466,21.5761075082345,8.48575697734679,0.0513317458157017,23
0,0,0.298276418055316,20.8008353630635,8.74818306182127,0.0500704273291774,23
0,0,0.283239795613309,20.4244194105526,8.78869347796685,0.0395398334540505,23
0,0,0.235432830515688,20.7113890818053,8.64633945553116,0.0449891547119249,23
0,0,0.299681405313216,21.3571963961047,9.10441008596481,0.0545099476858221,4.70083094055034
0,0,0.272677384020233,21.5933000443518,8.86464214857497,0.0699114165821038,4.6986083984375
0,0,0.334701686792143,22.1185744912221,8.89368819307388,0.072722420065117,11.3917236328125
0,0,0.285096267646858,22.1184648636521,9.15507018086468,0.0570504350139971,23
0,0,0.263203656925978,22.207001334215,9.20739509899617,0.0659869769342638,10.243896484375
0,0,0.203865680162865,23.4813515459697,9.22112196926489,0.0892205296804536,1.32730376538235
0,0,0.221148026140905,25.2156547414228,9.13729236283633,0.0888732675488975,1.315100471183
0,0,0.239768528877491,25.6384347557885,9.31586828148028,0.0907547940148588,2.15061624995768
0,0,0.268056264936364,24.5752780023259,9.52938407175176,0.0719768056514473,10.23291015625
0,0,0.267389713084496,23.048814621873,9.37077372433089,0.0649510002892832,23
1,0,0.239932504565609,22.0115569823857,9.02983329085497,0.0631153905507476,23
0,0,0.249165893330999,21.546478511261,8.37674588620395,0.0586486142022949,23
0,0,0.263648218570967,21.4509884125758,8.20831004813666,0.0702752615602904,23
0,0,0.287413291387875,21.5165696224851,7.86895016196047,0.0665603555322409,6.78538167515025
0,0,0.303693377415131,21.7454295322439,7.63277854484398,0.0693572405429597,6.78171217910915
0,0,0.312164273991616,22.1385797871893,7.35477569810064,0.0930918582235895,6.78076171875
0,0,0.342597577394151,22.8202976914125,7.28822433253414,0.0960313264481137,23
0,0,0.353410826254032,23.2214449672749,7.49457553160039,0.0802399485975266,23
0,0,0.360513745646803,23.1181069431813,7.73596917633447,0.0737860533732388,9.78076171875
0,0,0.288539590765057,22.6686514064514,7.87024584929551,0.0688828833137575,9.79664099480924
0,0,0.257039562883691,22.1982334748203,7.91266749789263,0.0657195588698244,9.81708850042855
0,0,0.244580971795461,21.6485094698029,7.95002278048977,0.065916302055916,12.4842706280489
0,0,0.262478870733586,21.1774684305329,8.3461895000087,0.0645258365742931,16.3573778912264
0,0,0.248694148782121,21.0946255983729,8.48661381361189,0.0763904874204604,15.451156582374
0,0,0.243899308116852,20.9622350697344,8.44494044417705,0.068895983379223,10.5273480471715
0,0,0.244391732004727,21.0900267708815,8.50585306659353,0.073058814220811,9.50292973087721
0,0,0.255987719547978,21.2690916611137,8.77078419794195,0.0739856077838437,12.7698974609375
1,0,0.298747362792177,21.6586737328938,8.74366397252831,0.0612560010544825,23
0,0,0.235439011633287,22.0596457383025,8.62799619337344,0.0729558653465783,12.6905627867245
0,0,0.230175564565916,22.1279770641407,8.61971515483784,0.0625245243310488,13.6764989129679
0,0,0.225836821593098,22.1630508294672,8.47448718752407,0.0673202892774453,14.3459050402741
1,0,0.230168084631719,22.6713654764021,8.46672674516537,0.0810350724627435,17.26025390625
0,0,0.227230220831419,23.4176309640683,8.80281335978147,0.0817945213185225,12.7725830078125
1,0,0.224198105123259,23.7083886765016,9.0495588946252,0.0852496734797292,23
1,0,0.258367166095956,23.9297015428249,8.86645621331716,0.0892219437241347,23
0,0,0.311779290785728,23.6921417908973,8.48040275418558,0.0902272336766788,23
0,0,0.241371169089745,23.062055906181,8.35168534987352,0.0828191003054166,6.567138671875
0,0,0.259519583750605,23.1959999415547,8.53283456849803,0.0837239862415357,6.56348400240382
0,0,0.250524994048506,23.5798368863982,8.43299648353019,0.0839986429690938,12.6130103801302
0,0,0.331762716783857,23.6730409782103,7.69809313755116,0.0813133519940881,12.5807210379126
0,0,0.207670921016764,24.0323014213935,7.52737579996134,0.0747835607639019,9.26136041415196
0,0,0.217452347687381,24.1058547269381,7.57898062160143,0.0714640799208663,14.1629305549555
1,0,0.216496315898802,24.1110919130747,7.60419417750846,0.0788224304753155,18.4248114844057
1,0,0.252055578169288,23.8332548675945,7.65978204514849,0.0755377464319085,23
1,0,0.296349391513611,23.4711435936084,7.6958741047954,0.0738760759059152,23
1,0,0.27990463153509,23.0390998253578,7.68106092239243,0.0630194718666388,23
1,0,0.264145924473317,22.3046306257889,8.10304179388994,0.0596768531682232,23
1,0,0.296075908750751,22.1165063671459,8.42254692120834,0.0564953451485357,23
1,0,0.248718388481483,21.930117859883,8.72280461343546,0.0529077823539582,23
1,0,0.279941487762373,21.62242756188,8.80356555852453,0.050263776888422,23
0,0,0.278976197982593,21.4470630991275,8.89930213801981,0.0493351720962039,23
0,0,0.316886379622544,21.1190673882553,9.31806776379765,0.0589455623439037,4.70045895775886
0,0,0.315123520019186,21.3585902385977,9.2805001110933,0.0702519057203592,4.69539009048249
0,0,0.314018562144674,21.7544889356564,9.19413041740716,0.0673902313682419,23
0,0,0.294839200804339,21.8314611862926,9.19997890215602,0.0574139568698027,9.8438720703125
0,0,0.289899140976654,21.8709751202565,9.24968380431804,0.0677249353749095,23
0,0,0.302950908100166,22.3505619332527,9.48564094716183,0.0631607116585174,1.3025732398214
0,0,0.22829146556125,23.2252426741774,9.54830641542842,0.0870260260779683,1.31037803316011
0,0,0.281349803389375,23.474384237791,9.78228887101894,0.0626223219910674,1.3150634765625
1,0,0.27795960336706,22.8062025385685,9.85258815064119,0.0578073499976841,12.778076171875
0,0,0.254863138756544,22.252872797766,9.47413684718936,0.0640977025188758,12.7745653137034
0,0,0.278299545928425,22.1964483267178,8.81273946716586,0.0696563036935221,12.7725830078125
0,0,0.270561834054195,22.1335161212257,8.39179410023416,0.0730756029861517,12.771806522896
0,0,0.32948828702261,22.036584937755,8.35749002913975,0.0618667591082001,12.771964630382
0,0,0.332359178143214,21.6273049318278,8.34786329954021,0.0653806620031294,23
0,0,0.278297915604978,21.5450634104432,7.99977858485271,0.0773967694042111,6.7835693359375
0,0,0.297233099790801,21.3194460711241,7.89025800720125,0.0710239128818938,23
0,0,0.262013441017967,21.386478179175,8.03234213653622,0.0741329719754975,23
0,0,0.268182781876,21.9004383683482,8.16427687821616,0.073292161442048,9.8575439453125
0,0,0.295401748755279,22.1566498404197,8.34546118564648,0.0662481432002238,9.82570532934179
0,0,0.277259318964635,22.2061948468872,8.38444572087322,0.0758772996347382,9.80618487255043
0,0,0.28312364291416,22.4514142686257,8.45731968612668,0.074333239842756,9.80435143315186
0,0,0.299891337142045,22.2373916602886,8.63006323105127,0.0656470585246085,9.7956317103673
0,0,0.303700891177576,21.7644002346939,8.81405329589774,0.0707211294496172,23
0,0,0.296116937187007,21.7354255275602,8.90927539399614,0.0787267306893574,7.91456313510564
0,0,0.285493337087057,21.9433340290618,8.73225088715413,0.096927988163382,7.91495763040079
0,0,0.238958887484757,22.2551601645333,8.63292198802865,0.0962260883648026,4.79944657843327
0,0,0.257702653045194,22.3055853728162,8.74947688741879,0.0794176605895381,23
0,0,0.266408095071196,22.14025153584,8.65838244445884,0.0697948677954739,12.6904296875
0,0,0.268399070775588,22.1134226089,8.45328252939955,0.0736623281159175,12.6902740639142
0,0,0.212834684636696,22.190167271726,8.65110267241895,0.0826773288934214,12.6865210564567
0,0,0.252188660160802,22.3825679214236,8.71427652830556,0.0823758489672276,13.4900536944613
1,0,0.232359917810676,22.9353862599832,8.89308646065155,0.0854142789266641,17.26025390625
0,0,0.231779354258532,23.5960215087427,9.25494854006575,0.0823803193628225,23
0,0,0.219569364160565,23.9986891235528,9.48101832208037,0.0944968362206156,23
0,0,0.254310065146143,24.0384613040395,9.35680800785495,0.0826142413571844,23
0,0,0.282274125729409,23.4689074229788,8.92703257318967,0.0801043599314125,23
0,0,0.272910787684471,22.6216402466977,8.76901941131048,0.0811560953749653,23
0,0,0.27654424972003,22.4174585927064,8.77363636158939,0.0772746789405971,23
0,0,0.250663520239935,22.675563571734,8.4261780427577,0.0833789782061027,12.8898835111977
0,0,0.240998711224171,23.2140872245206,7.63489956226232,0.0755057578224823,12.8820005264581
1,0,0.232733936533456,23.3168739559558,7.49202729323105,0.0657644286027553,12.2278749763253
0,0,0.227312845761705,23.353124763666,7.83582633217562,0.0784128177733937,12.23291015625
0,0,0.247607676492237,23.4847372556984,7.87736779325076,0.0808291617215534,23
1,0,0.269337693670786,23.3877827302179,7.97322057670484,0.0624845978656791,23
0,0,0.223313144885023,23.4709626482497,7.92701138347143,0.0694006992943639,18.4580836023661
1,0,0.225825737708971,23.7211080884827,7.75249327785737,0.0663576104074872,18.45751953125
1,0,0.243459793546671,23.8150863235936,7.65684770353085,0.072571853370798,23
1,0,0.297399388929738,23.7889923519913,7.62129463558568,0.0695742938593892,9.73289529851665
1,0,0.263467156532482,23.3723992887227,7.73628299163025,0.0603690626528093,9.74956124252713
1,0,0.260425599419195,22.7490996002884,8.14806646501126,0.0586723384862281,9.74706766093822
0,0,0.272171449138014,22.7449859351466,8.35210955195135,0.062537666886011,23
0,0,0.24148744007665,22.8604481474623,8.37499986493497,0.0559912849452595,23
1,0,0.227428244626815,22.746722398453,8.45757390005554,0.0646637924803667,23
0,0,0.253802612078776,22.5114659532008,8.74909171260811,0.0583270336253979,23
0,0,0.348081831150174,20.492852490975,9.50824008068889,0.0573694199300407,23
0,0,0.319383153330839,20.7961637638484,9.42109512576982,0.0565624645774391,23
0,0,0.306026785580395,21.1782693951205,9.10462609698462,0.0795421971918568,9.85054519345844
0,0,0.291089746351429,21.5381393091688,9.11251417800836,0.0611687895456203,9.8438720703125
0,0,0.285326279170467,21.5770422482815,9.34306370651736,0.054935438008471,23
1,0,0.319106325594697,21.7852978839494,9.69619492670418,0.0615848530698974,23
0,0,0.283315396376182,21.92658195945,9.74471795633077,0.0659824518446204,23
0,0,0.265815770893416,21.8820198962914,9.70907774909616,0.0632539810752636,12.7725830078125
0,0,0.248227005518403,21.9501464777137,9.71642250647233,0.0702430755815238,12.7761725163537
0,0,0.23050218333192,22.2108007358575,9.37708957635607,0.0826685087563088,12.7763725081123
0,0,0.205004173652642,22.1741426722665,8.82685095589861,0.0746121608160175,12.7750689936517
0,0,0.255963653027675,22.0801678639201,8.42387653487412,0.0751721688703319,12.7762341843165
0,0,0.256935968652419,21.986562532687,8.47494264949851,0.0645083119855143,12.7736410167456
0,0,0.23169287628416,21.6433247909782,8.46604045751594,0.0688280214313156,23
0,0,0.290996287943025,21.4526052362167,8.21941511973432,0.0672455883265565,23
0,0,0.299642730560615,20.9278152820822,8.21714040643627,0.0768693769407492,23
0,0,0.341931466516033,20.4080903804731,8.44262828971912,0.0766913482655402,23
0,0,0.347004522528698,20.7644050643362,8.80242180084146,0.0650996203074432,9.8575439453125
0,0,0.308291659495275,20.8555836181052,8.99605870955115,0.0519231604307717,9.83474815068576
0,0,0.272149127746212,21.1859337888495,8.77404208550981,0.0614104999544924,9.80541671112726
0,0,0.276490409648536,21.7630726254727,8.56213606711051,0.0625062257450487,9.80651775681846
0,0,0.287773672151562,21.882983642646,8.62297795897755,0.0606139419230106,9.80594126963348
0,0,0.263386258183672,21.9086500873046,8.69170288126819,0.0813396836745189,23
0,0,0.26832859288563,22.1601267009826,8.7967614079694,0.0987139259187418,4.805419921875
0,0,0.264591341025766,22.5595591809792,8.75149746245445,0.109497406234394,4.80716121351249
0,0,0.238301236241852,22.8765870379862,8.76922366106417,0.102709653996265,23
0,0,0.257824544043032,22.7368769223908,8.872013159196,0.0816935859634293,23
1,0,0.270499204416954,22.1288035136059,8.71428977146673,0.0724955185404172,23
0,0,0.244937550630704,21.8771364184684,8.43799703339676,0.0614140122995517,23
0,0,0.242428074462658,21.7981947961758,8.74205431439906,0.0667693372263985,23
0,0,0.22455162225509,22.2624694482797,9.083075774455,0.083385281698584,23
0,0,0.26279727295361,22.8313907347454,9.39758444055093,0.0811192682285265,23
0,0,0.27643255489186,23.0607176887399,9.60448697471928,0.0744729277164327,12.890380859375
0,0,0.221804943518062,23.1418807550307,9.56800667069903,0.0821150625489942,12.890380859375
0,0,0.254850325443465,23.1900859569176,9.40427881640624,0.0744593483347053,23
0,0,0.244505824038982,22.6063361952692,9.14293087676324,0.067531252789651,23
0,0,0.274797978814347,21.8880854350889,9.13984126896758,0.0688270917538392,23
0,0,0.295186706369627,21.6049940318273,9.09370017898831,0.0571977211953367,23
0,0,0.295326759142404,21.8333327642617,8.7227002159689,0.075027733677313,3.693115234375
0,0,0.230438419436623,22.4710372358217,8.10606485679055,0.0833171263071052,3.693115234375
0,0,0.22559133093296,23.0923326562495,7.90626169833113,0.0713212862378614,23
1,0,0.226321900555607,23.3181218030121,8.16355607720681,0.0829149017744,23
0,0,0.234668310604985,23.5841106546751,8.13926448430808,0.0721364548066676,23
1,0,0.266286458671222,23.4956025898983,8.13619500818031,0.0624656576855314,23
0,0,0.231789428863497,23.2893099798463,8.15648095188041,0.0748313163588059,18.4611347610051
1,0,0.254445603042654,22.8803281534134,8.18202927868502,0.0626089631540844,18.45751953125
0,0,0.233943883727184,22.8736490378422,7.90313193519163,0.0630675351082083,23
1,0,0.240065129785004,23.4191558960825,7.61569193778339,0.0693931901530322,9.7452392578125
0,0,0.249884730890643,23.5005969303209,7.73426098382944,0.0616203833953854,9.74959975659611
1,0,0.238223020650394,23.2792936217154,8.12314957231151,0.0664250534114896,9.750732421875
1,0,0.249409746565687,23.3338221982598,8.20439988038697,0.0703216298343949,23
0,0,0.256519902055744,23.3088961596946,8.0407985123823,0.063987612767448,23
0,0,0.216071852672985,23.1674714822644,8.18897576086308,0.064840240535319,23
0,0,0.237193683675475,22.9846155462684,8.57233765480424,0.0555247949323575,23
0,0,0.304969393828453,20.468618766553,9.57245724125717,0.0527949451291964,23
0,0,0.277115108269781,21.0232314644214,9.17112727106083,0.0815025437428199,23
0,0,0.283905013971036,21.6542737238541,9.05017776377352,0.0890262113817744,23
0,0,0.295650615215809,21.7320045471335,9.14824770857098,0.0676594847273321,23
0,0,0.299933559145837,21.7218052297416,9.47466943194278,0.0627596377147295,23
0,0,0.293331727028048,21.7986599457675,9.57228929253563,0.0825596876793413,23
0,0,0.307080868425002,21.8957405990099,9.52777440091531,0.0765181865324368,12.7732708346744
0,0,0.303706210889855,21.9578281749776,9.41872344892131,0.0878067768493777,12.7787794025595
0,0,0.318937548589991,21.8935899079486,9.29103118143018,0.0873432972036065,12.7767708996173
0,0,0.275588454926847,21.6921387169957,9.07173586648673,0.0659787231295949,12.8133465111201
0,0,0.295892837212047,21.7283339733524,8.7888845696641,0.083909479485781,12.7795906900469
0,0,0.321120007581431,21.8912991985404,8.64223925845089,0.0992593170597539,23
0,0,0.294336116574726,22.0142943108255,8.60883483375779,0.0947468834550847,23
0,0,0.337356862259779,21.928870353225,8.34086731163236,0.0925344711693939,23
0,0,0.29020725657365,21.4212327023374,8.30390399178765,0.0810459034191082,23
0,0,0.304931413480819,20.4140075402303,8.72631880480243,0.0594993872666744,23
1,0,0.33486057475567,20.1984498401212,9.24679901706285,0.0604300547217132,23
0,0,0.315415746077385,20.4358547119493,9.43400406604705,0.061585736766904,23
0,0,0.275306777257924,21.1496128750736,9.17719975510484,0.065806541325178,7.75346531409741
0,0,0.282122620051387,21.7885563991107,8.74055702332627,0.0604548303854584,7.97156578335118
0,0,0.291487189212666,21.9234594301215,8.55714688147257,0.0644197129884313,23
0,0,0.297640954477437,22.2836821394545,8.68313102106881,0.0940390418268723,23
0,0,0.347707092804628,22.7107222076592,8.82277037184221,0.10358232587191,23
0,0,0.328852831883812,22.8529657061201,8.87073442645161,0.0968674196777048,23
0,0,0.275849232397112,22.8567175932536,8.93867904278871,0.0861311816257063,23
0,0,0.297836851907966,22.5450140560707,9.06128857755436,0.0698769206349125,23
0,0,0.317287118905693,21.8916887482167,8.99977088430387,0.0594597070414025,23
0,0,0.263208200643591,21.5280841141216,8.90644119814393,0.0817177583578922,12.8822021484375
0,0,0.249807982609432,21.749994519599,9.00587903259362,0.0824323494605656,12.8902662774794
0,0,0.250391363107051,22.3196695739878,9.11154815641866,0.0869983811409267,12.863037109375
0,0,0.228581658121426,22.526066643284,9.27420305016214,0.0771565835391489,12.8772859405643
1,0,0.26495319197425,22.4241704786007,9.45521403733519,0.0688125826667544,12.890380859375
1,0,0.264848197671689,22.3534127850646,9.42491698851476,0.0630683206861325,12.890380859375
0,0,0.297772601639416,22.178862155061,9.42051839284998,0.0607006187495097,23
0,0,0.267923044875734,21.7481160843609,9.34476131916243,0.0706512262929999,23
0,0,0.269123026322154,21.5481486033785,9.30834575005695,0.067409920939717,23
0,0,0.225325033214347,21.7787547115415,9.26366460218678,0.0777529765342968,23
0,0,0.31758014968192,22.1007591140655,8.87170143891186,0.0763120982714093,23
0,0,0.291922760869121,22.2429025796447,8.50868575788333,0.0764830024332045,5.298583984375
0,0,0.263189717751184,22.5002614044178,8.32450109545031,0.0750215689363313,5.30066631112478
0,0,0.234443892680863,23.0928501767091,8.27270583664175,0.0823228677546058,5.3013916015625
1,0,0.204904623862848,23.5514341101991,8.13127582603697,0.0795030668926447,23
0,0,0.229763158130984,23.5630015675332,8.04335377613603,0.075120082876076,23
1,0,0.240843662944545,23.2810715802452,8.33179391377333,0.0702010638511997,23
0,0,0.267825891345592,22.3872113848307,8.57120272522068,0.060533013148851,23
1,0,0.225150547120244,22.2958835704577,8.12370035554405,0.0737685804370278,23
0,0,0.240594170385601,22.9224581017214,7.8359570522851,0.0723164236309483,23
1,0,0.256802957014088,22.9723709776825,7.93037367591069,0.0645816114343343,23
1,0,0.258807258477317,22.704174174958,8.23950488710365,0.0610491181440646,23
1,0,0.270665465888126,22.9232697074132,8.07875401845324,0.0732329640686932,23
1,0,0.274163782716616,23.2257744202515,7.77233108614083,0.0661964802871599,23
1,0,0.259730006175265,23.2341147224235,7.83580867722204,0.0601610623576517,23
0,0,0.253984280841514,22.997989560785,8.1925080068017,0.0524593530110163,23
0,0,0.31574964349768,20.6194137854123,9.77614576574312,0.0487494186065864,23
0,0,0.268482994664891,20.7338651981483,9.62664861970937,0.0692298893733336,23
0,0,0.284024455422074,21.380686566725,9.31606866974916,0.0973101455920482,23
0,0,0.290191905663998,22.2743990025326,9.09825532670574,0.0924235459887767,23
0,0,0.332009167483497,22.6207671333688,9.33579924531711,0.0879422925189509,23
0,0,0.308537804896637,22.6860894297665,9.51978092266201,0.0720954661778156,23
0,0,0.282320304200817,22.2676581031561,9.51456888345784,0.0620922948394363,23
0,0,0.285941256337842,21.9842937129124,9.28246518653529,0.0685298357007815,12.778076171875
0,0,0.339445029169103,21.9309720855919,9.19541124428866,0.0782194232796753,23
0,0,0.342467133875889,21.8544828353431,9.21740342722113,0.0837723429161034,23
0,0,0.327685645740193,21.8867198676134,9.20963976928107,0.087752128093466,23
0,0,0.32717518153837,22.1017538439738,9.13520537503905,0.093534798714185,23
0,0,0.362220236063031,22.0567584028242,8.97559644584469,0.0880625466870472,23
0,0,0.339040412228692,21.8744526711231,8.90477584438048,0.0800230141417936,23
1,0,0.325995457106741,21.8959979367688,8.69342957971184,0.0869893623624474,23
0,0,0.287141248323672,21.8456977018192,8.44669929894632,0.102418468577026,23
0,0,0.330163075461615,21.5789482924584,8.65809062976846,0.095353184769964,23
0,0,0.287223070158814,21.2337026833901,8.93590587216267,0.0874291898153568,23
0,0,0.278641280769385,21.3760645875749,9.1626593405576,0.0679431604381022,23
0,0,0.282265659741204,21.9460479344323,9.0515114044762,0.0945551126305364,7.3260498046875
0,0,0.302347352528908,22.399155418756,8.60555009005648,0.0674792501479654,7.3260498046875
0,0,0.33260182031834,22.2707434376183,8.39457047878262,0.0686994383745623,23
0,0,0.341610567751812,22.4243868990087,8.5239783076748,0.0899853476216536,23
0,0,0.343998949269269,22.6619829544793,8.74123702419826,0.094110908993861,23
0,0,0.36016551757313,22.5964519994,8.84055993487748,0.092896632822183,23
0,0,0.308939648017021,22.6835398175647,8.82553280964208,0.0969218676720596,23
0,0,0.325412493072628,22.7144139749377,8.82146335057412,0.0825427272780092,23
1,0,0.315242823317996,22.1834788965488,8.84894516944404,0.0670471956363064,23
0,0,0.30927914050144,21.6932751953437,8.9698584814129,0.0725367199465825,12.8834481247736
0,0,0.248246747456191,21.9950801069724,8.94370588818101,0.113945353119705,12.8839393588968
0,0,0.239712336588609,22.5557591409442,8.82895831902447,0.0957864266268623,12.8820585309623
0,0,0.237087049115828,22.509913522377,8.91366188361591,0.103138070172512,12.8788834416117
0,0,0.267087662430907,21.9511301385092,9.06979565434355,0.0696081861614018,12.890380859375
1,0,0.246536241253231,21.7340182038512,9.28490124061861,0.0632263581860219,12.890380859375
0,0,0.27658177825286,21.3111585565247,9.37660845450474,0.0615663436845405,23
0,0,0.26416982418922,21.0202936282554,9.38615527201212,0.0666076878161524,4.7945556640625
0,0,0.280189290757562,21.2547828280527,9.38177477035258,0.0610681772686323,4.7945556640625
0,0,0.299427725531018,21.7931791134341,9.28228230618548,0.0730571596409521,23
0,0,0.331002672627645,22.2970047423872,8.77511361662786,0.0833592844806002,23
1,0,0.296295459444723,22.2915223933779,8.50292929662794,0.0671038667693401,5.29404753000349
0,0,0.235699354661152,22.2728845379991,8.47217500974773,0.0961517895674724,5.2923821859728
0,0,0.256698003744254,22.6923131454136,8.37105484439567,0.083975164929024,5.2900689263183
1,0,0.238492506723724,22.9583983543938,8.21910243131168,0.070329987276374,23
0,0,0.262838588927579,23.1540458592153,8.12009381000036,0.0729104391874197,23
0,0,0.241292728900118,23.1419610067428,8.31833858318062,0.073018176248075,23
1,0,0.260643891915626,22.5973133060709,8.21254176069164,0.0652273804477189,23
0,0,0.260829022392206,22.3853114508158,8.1169752873478,0.0651104165079638,23
0,0,0.275252649517022,22.4305761979824,8.19436958974341,0.0584389781534475,23
1,0,0.280984415925073,21.8217162403228,8.34798311098185,0.0563485325204364,23
0,0,0.269071866243147,21.3215865352686,8.58709972300238,0.0551441389112483,23
0,0,0.245873013374215,21.9345509291735,8.20750369715518,0.0611913143147633,23
1,0,0.244158858440768,22.7967958756309,7.67651959754595,0.0637830183458492,18.56982421875
1,0,0.264612699647161,23.0757925426153,7.5234798364246,0.060633650188828,23
0,0,0.345259516893252,21.3301315275668,9.77633900945394,0.0642991688148649,23
0,0,0.301181667770554,21.401496001679,9.81891270072362,0.0628999867270666,23
0,0,0.3271172440557,21.9525052495964,9.5921409030916,0.0945404365200725,23
0,0,0.28484846012769,22.655118177956,9.4726441272117,0.0916654296472437,23
0,0,0.272722724444406,23.1799009522588,9.71843632430027,0.0744903595519594,23
0,0,0.307088126763129,23.187593882304,9.82165446623098,0.0575412876667276,23
0,0,0.272982925865747,22.6089256035657,9.66161559034049,0.0799862323785458,23
0,0,0.349544029973869,22.3306063105704,9.26785008720201,0.0907112999227262,23
0,0,0.375165648992734,22.0366686362261,9.22693393402908,0.0689818271656473,23
0,0,0.353982662900307,21.6726539171543,9.26220898037715,0.0713511885340505,12.8822021484375
0,0,0.343569106833924,21.7828739513772,9.34329520832879,0.0835841857896756,23
0,0,0.366126893250303,22.1140992551865,9.31799649837702,0.0756850507964237,23
0,0,0.381420198709756,22.0927028964368,9.16587836388842,0.0714080950703313,23
0,0,0.35138569293922,21.8874064193682,9.12212232965124,0.0792747842381006,23
0,0,0.31367444022252,21.9793782880899,8.92631581176353,0.100188338771409,23
0,0,0.325984206171567,22.3551360395003,8.54461686173652,0.103542117054766,23
0,0,0.373937386516204,22.6512291082357,8.36634862304248,0.10653694936284,23
0,0,0.335630105767489,22.6071572692229,8.41310013608616,0.0908794491910241,23
0,0,0.31640315831057,22.6460728789113,8.71563336099878,0.0815766613545187,23
0,0,0.328431638992004,22.8109910935866,8.63606437675229,0.0883137718588222,23
0,0,0.39583333955338,22.9514584014464,8.23536489510579,0.0781102283701894,23
0,0,0.336206700832354,22.5831264692833,7.99599760328304,0.075660141583504,23
0,0,0.340261314608735,22.3354980269376,8.2969302380176,0.0839072354741777,23
0,0,0.340684632878704,22.2825562645792,8.63582802856277,0.0798596044795813,23
0,0,0.348275500287068,22.1816476389475,8.72549569859838,0.0900460365538337,23
0,0,0.37167999016883,22.4638152111375,8.68584075612345,0.100099231940361,23
0,0,0.386961829374193,22.7989527819578,8.61419773607963,0.0967979949515735,23
0,0,0.382690250599238,22.4924136401986,8.59615925126268,0.0921868193930677,23
0,0,0.324955167615621,21.8810611929998,8.6001339592873,0.0770559104140122,12.8861582139519
0,0,0.301948613696654,21.7575670268395,8.6124555039013,0.0989481714752487,12.8864187438051
0,0,0.289944814189955,22.1252858107966,8.76521271777177,0.0836085994595208,12.8822021484375
0,0,0.232151766629718,22.2873854561014,8.86799178492829,0.111028819661889,12.8822021484375
0,0,0.263831028361685,22.2076870432607,8.98406057550802,0.0829631460401243,23
0,0,0.261644419546111,21.5971189384115,9.12306582339115,0.0614354226518421,23
0,0,0.230236229781535,21.1535998435373,9.15974072130049,0.0651911560623878,23
0,0,0.252722832212437,21.3118737689195,9.19492686320307,0.0687778507823839,4.7945556640625
0,0,0.294063095546797,21.7478964191738,9.23184782724916,0.0611764316725883,4.7945556640625
0,0,0.319452496834115,21.8749268193168,9.17499981361408,0.0706512299757486,23
0,0,0.315056672113844,21.9534876271688,8.90606808326205,0.0688770891499165,23
0,0,0.28069473561053,22.1292210268575,8.69659055871899,0.061306937706905,5.2930908203125
0,0,0.285040113255256,22.4129122193355,8.59866222634746,0.0874444949812064,5.2930908203125
0,0,0.302895077591235,22.7301674508285,8.43902287085048,0.0762046476874014,23
0,0,0.234792912435371,22.9090077961235,8.23623837244084,0.0818231443273095,23
1,0,0.248661581525043,23.2356740621689,8.11094624754251,0.0844874347276779,23
0,0,0.224869861528971,22.9920259239386,8.20420194985153,0.0794205447980179,23
0,0,0.244481200755733,22.4400066293054,8.08376163818376,0.0771019226525183,23
0,0,0.250314785197461,22.4767720113174,8.20329334212521,0.07556939400143,23
1,0,0.264583232450994,22.2988369586642,8.40222694896721,0.058626673114641,23
1,0,0.299367231231726,21.3984369190047,8.90698134298147,0.0518462957589119,23
1,0,0.269688688610745,20.6749025751527,9.07584374369159,0.0563939072372582,23
1,0,0.251345985345548,20.842878590217,8.64686013316673,0.0524847412837425,23
1,0,0.231710051988812,21.6893711862044,8.05385496026153,0.0559210670493754,12.3256097810723
0,0,0.237026389666852,22.2479626833833,7.7636069711211,0.0535027562503402,12.3233977361701
0,0,0.30818695569482,21.9716308502564,9.8988821152529,0.0704044636041403,23
0,0,0.303802220315858,21.8228465316733,10.0220363901854,0.0586239585589426,23
0,0,0.33273786398965,22.1103944622541,9.80782816072417,0.093099061995081,23
0,0,0.302753727983609,22.8887122413566,9.68723111438574,0.105404099134459,23
0,0,0.28055413416318,23.2290455995002,9.79773108291117,0.0716576388476918,23
0,0,0.298896920676691,23.1096087244554,9.75959322677156,0.061329925471151,23
0,0,0.306084599167111,22.8529214893672,9.60345983583258,0.0955316796532903,23
0,0,0.331335807189026,22.9040373350642,9.33671729785576,0.0722744533463225,23
0,0,0.329282863138126,22.2636421421139,9.37453532294089,0.0681046991925853,23
0,0,0.369240044437814,21.8358564644762,9.46965708188075,0.0776760079483802,23
0,0,0.389520333917679,21.9982893224876,9.42409948717982,0.0848398083329334,23
0,0,0.404117239082456,22.2020914014166,9.29471705845337,0.0840871951903063,23
0,0,0.367083975271558,22.1019559720709,9.29784333291874,0.0884189218742868,23
0,0,0.333032514366609,21.907015356133,9.32624090450101,0.0824296932117142,23
0,0,0.321897860610954,21.9562795004254,9.18392580607475,0.0892040934214604,23
0,0,0.352653692152828,22.4129152660745,8.69173135807278,0.107529843580029,23
0,0,0.420749401876773,22.8470297294298,8.31553494627523,0.0945224608233676,23
0,0,0.313517154142025,22.719678669035,8.21749359710688,0.087574973240391,23
0,0,0.300126509289558,22.5689560504545,8.40270237870375,0.0787569063478016,23
0,0,0.324717417156362,22.5365255522203,8.48296381080549,0.0828581024496966,23
0,0,0.325664745817576,22.7020117244089,8.1807615435516,0.0837619414750229,23
0,0,0.350347741089334,22.4858660801118,8.00292357933142,0.0767405528719593,23
0,0,0.358858335470681,22.1739796696354,8.29713587195602,0.0789728070768463,23
0,0,0.318798369073462,22.1557733915859,8.68341487197643,0.0951186267529258,23
0,0,0.383989577021024,22.031724094737,8.72812906191606,0.0797950762942338,23
0,0,0.373098999073486,22.2047020521258,8.59207587452922,0.0935171918779947,23
0,0,0.333451323184987,22.5945996255085,8.48223263750265,0.116392820484377,23
0,0,0.372126227850434,22.5377869856011,8.51150824367642,0.0889780796967458,23
0,0,0.340525511649198,21.7983361939681,8.59119048777689,0.0782751434824229,23
0,0,0.334448294248765,21.4567681825571,8.70380572335925,0.0779808335695697,23
0,0,0.358389924981317,21.6764958532032,8.83625682137058,0.0870337506928522,12.8822021484375
0,0,0.300145748250349,22.1899253303854,8.96550148533767,0.112818225434981,12.8848838303361
0,0,0.30521086540615,22.7252634297121,9.06034079644804,0.117206319239671,12.890380859375
0,0,0.276723312079066,22.4963596083936,9.09387021249146,0.0844229103786447,23
0,0,0.246248351844864,22.0644651069802,9.22773476018579,0.0894364888608079,23
0,0,0.238309903934383,22.2618863836263,9.4735918691548,0.0792091441116305,23
0,0,0.277173124132185,22.7549199962617,9.49117254848777,0.0725463362306786,23
0,0,0.307706157825848,22.7682710571429,9.26023229581626,0.0726331633109537,23
0,0,0.287822631813859,22.5975213337794,8.96057327646932,0.0673033225988916,23
0,0,0.250823493961855,22.5289055781689,8.72358214082961,0.0733816426511633,23
0,0,0.309059450477479,22.8784623117769,8.55746150197001,0.101453956325458,23
0,0,0.282862668801133,23.1672319723357,8.39811551538948,0.0953736590295469,23
0,0,0.242136412805649,23.2522190854301,8.36034009161924,0.0835299139270857,23
1,0,0.243126089226431,23.2430636068906,8.53845889995637,0.0724687740917803,23
0,0,0.240828556336517,22.7561781145487,8.7038509423755,0.0756128131749562,23
0,0,0.284707833543336,22.222875621704,8.75608217334818,0.0655259741167495,23
1,0,0.263278701093772,22.2364597018084,8.49442837692268,0.0652380170665857,23
1,0,0.266877656868755,22.0078738534298,8.59323762839213,0.0500142655554705,23
0,0,0.27927247845393,21.5745914905617,9.11114668389031,0.060193332622216,23
0,0,0.284792672987619,21.3844097682904,9.3293466268304,0.0581179500489833,23
1,0,0.27128678073043,21.3405049612882,8.98258747822905,0.0501554003579772,23
0,0,0.250244648277317,21.6032276583299,8.4248951979323,0.0595034984324009,12.3232421875
0,0,0.239720948725603,22.0000508750689,8.07416739269951,0.0513787737827045,12.3232421875
0,0,0.287995104019462,22.1462035829213,9.79686017725287,0.0616216058087827,12.33154296875
0,0,0.314663211607913,22.2028851311909,10.0068427116007,0.0605032637470303,12.33154296875
0,0,0.284562137917314,21.9814271549069,10.0104137358907,0.0613942402615422,23
0,0,0.309065971324699,22.0838021189126,9.81538123343701,0.0852755421396911,23
0,0,0.328070504660645,22.7527070753048,9.72194193264178,0.100009297988176,23
0,0,0.294400240898654,23.0334352651182,9.74546052158081,0.0620852753885989,23
0,0,0.269704787555563,23.0062709909672,9.71666122295478,0.0618460710225715,23
0,0,0.274806441971503,22.9675950706346,9.63249195382323,0.093539615862393,23
0,0,0.296287945719775,23.1445779528572,9.55060088236228,0.0795867394549463,23
0,0,0.333417684704652,22.6966997501081,9.4817935364374,0.0839486890905709,23
0,0,0.359276497128667,22.3622709836432,9.50436273401822,0.0791857538206391,23
0,0,0.345030127930582,22.3868340641841,9.44588314257551,0.0919041102480944,23
0,0,0.380281780013619,22.2576869667987,9.46362762512865,0.0797962690675799,23
0,0,0.373126600826453,22.0445757860553,9.45265265844129,0.0735339515437741,23
0,0,0.332530976683259,22.0157322870708,9.4022500682071,0.0841069324553088,23
0,0,0.335049767580801,22.0858585871934,9.26882659408068,0.0917490467514753,23
0,0,0.359513449649505,22.3655056403722,8.82638387591517,0.102947923956445,23
0,0,0.357006853331942,22.4914285970636,8.41318370195396,0.0881270110152907,23
0,0,0.301354825940957,22.3787219633908,8.22352767018752,0.0902286883544398,23
0,0,0.276525214088103,22.2369037785376,8.36571994294563,0.0879520120861532,6.8218994140625
0,0,0.278656529317309,22.2817129614682,8.55912637746916,0.081547134197155,6.8218994140625
0,0,0.349035084532217,22.5425198233117,8.48493429328919,0.0743991301831978,23
0,0,0.354296258043462,22.2091140145361,8.43659788090593,0.0713088957763162,23
0,0,0.319739530441478,21.8742609067103,8.41729478143947,0.0826461734635068,23
0,0,0.314784539109172,22.0913888281325,8.63964855357615,0.0873300715085415,6.8218994140625
0,0,0.343484520012864,22.0704078945485,8.70256500064312,0.0863963673177735,23
0,0,0.36943575462403,22.0373819936578,8.5897179536944,0.0847076597535012,23
0,0,0.31697749007935,22.0455334288956,8.41105231243475,0.100696436772312,5.39453125
0,0,0.343980733208734,22.0538195178112,8.46508868217732,0.0999311996042206,23
0,0,0.370582439516906,21.6444182075414,8.66497050717551,0.0934965224803787,23
0,0,0.334576317561725,21.5059578343653,8.79718528935445,0.102489526817761,23
0,0,0.351658883216612,21.6477365185338,8.82262534070777,0.0829633064709414,23
0,0,0.324582720770278,21.813862781,8.91140875896602,0.0872986469439141,23
0,0,0.315026481158296,22.4436303892959,9.06754383948845,0.108382549137502,23
0,0,0.342331778152554,22.5954631137295,9.35493350779197,0.0853786396928213,23
0,0,0.327895880962243,22.115797419474,9.76029102221758,0.0763028137221197,23
0,0,0.287888969633351,22.317295373373,9.88576446005073,0.0747879200740353,23
0,0,0.288711253863958,23.1629431429715,9.76314671034799,0.0790023085972694,23
0,0,0.303013589033522,23.2158963213769,9.15530160336645,0.0862197653859086,23
0,0,0.272870047822015,23.4349303826173,8.95287665141566,0.106441161220368,23
0,0,0.27681517249709,23.6508963387966,8.77597478623113,0.085088018862728,23
0,0,0.317889169619477,23.8929146504415,8.58859595269427,0.0952526548496896,23
0,0,0.287388119998916,24.1212919223972,8.48871503694649,0.107320626398447,23
0,0,0.310594556668247,24.0658164523429,8.51361708121569,0.0943781487345107,23
0,0,0.299351280890257,23.4158602093228,8.78847173944407,0.0677959729626024,23
0,0,0.268956821591208,22.3349151980247,9.18640354191384,0.0711501141411693,23
0,0,0.280339074321034,21.7177649008364,9.06099433606991,0.0611218966040407,23
1,0,0.248355914763703,21.7239629725721,8.6599700820494,0.0572077518296653,23
1,0,0.253905385736743,21.8707868473594,8.73920450028708,0.0622588252028697,23
1,0,0.259261104190668,22.118121638728,8.83305634066094,0.0695821878370598,23
0,0,0.2567464179155,22.3858936866334,8.72457976274846,0.0651435749566997,23
1,0,0.246986725364226,22.5034895737994,8.66532262821207,0.0786833293291394,23
1,0,0.285983063542387,22.50011027037,8.48705945882726,0.0635130268273177,16.43017578125
1,0,0.274480657031176,22.6935650700293,8.30544059422175,0.0655136012687227,16.4238880614142
1,0,0.269053704819783,23.1020058145669,8.23984845247869,0.0639101991605082,16.4234828557112
0,0,0.253491323490908,23.4257654371716,8.36759239070882,0.0656553323763385,16.4199784587242
0,0,0.250513732733476,23.660602438863,8.3726857749421,0.0639588268916519,16.4238976465095
0,0,0.260123250572439,23.793494542072,8.26409490357158,0.0719179081645959,23
0,0,0.28031118846019,22.5835842646008,9.86609432014575,0.0690947676839718,16.3856022877644
0,0,0.294877275373124,22.5385926240428,9.78536195658563,0.0602397764187121,15.7946330391676
0,0,0.309086923641944,22.3297402546195,9.64113270370498,0.0929170523749755,23
0,0,0.304182992972291,22.3726844085951,9.55344508446652,0.0848665510476621,23
0,0,0.296170880300466,22.5727612293217,9.62358613149656,0.0778680333010165,23
0,0,0.284275086157229,22.667733416625,9.721356828161,0.0594454840872211,23
0,0,0.259171408900482,22.5765755402046,9.77833032649291,0.0600107324080575,23
0,0,0.287718231868397,22.7832871468227,9.79728722624329,0.0901698358337311,23
0,0,0.283778020335293,23.1811435477573,9.65382416062432,0.0707142171746381,23
0,0,0.334337616576252,22.9786004135233,9.41605721837154,0.0750461171243956,23
0,0,0.338765695549955,22.776309692976,9.36865123763905,0.0751848634431021,23
0,0,0.345818879556518,22.6477496315779,9.43755968308122,0.0787926995835676,23
0,0,0.379610923269002,22.316024403678,9.57044044080316,0.0683841175302178,23
0,0,0.359977172726387,22.1245756024127,9.46014656887819,0.0843247525461587,23
0,0,0.381589694550182,22.3350136970307,9.23049854959467,0.0885488854911091,23
0,0,0.324077199078184,22.5468461244961,9.15287124285239,0.095290318326957,23
0,0,0.346695712751777,22.6179715360488,8.90459874860755,0.0988911067476115,23
0,0,0.348414323310193,22.2315848890249,8.59380522834833,0.087094859837478,9.805419921875
0,0,0.318781189630831,21.9359295729438,8.39474753794352,0.095553876731025,9.805419921875
0,0,0.298391764071377,22.2279642471651,8.48056288220402,0.105587645792399,6.8218994140625
0,0,0.385193355126379,22.7056651777205,8.73610516301873,0.109488929942926,6.8218994140625
0,0,0.430446694941138,22.8969351069456,8.7322609316189,0.0917769930397052,23
0,0,0.394042667621421,22.4351383542787,8.63853007900002,0.071361427376529,23
0,0,0.333241455070047,22.0404994935259,8.48398420078524,0.0790920498518217,6.82189941480503
0,0,0.260709704784184,22.2401168041327,8.66491816512803,0.0997721459128704,6.82359301908251
0,0,0.356942985507663,22.2510519381642,8.73512795419725,0.08194616211684,6.8218994140625
0,0,0.386285693397809,21.7819032148847,8.53160297827195,0.0806986018770692,23
0,0,0.357949124782335,21.3272943507927,8.50277125597047,0.0874100354252732,5.39453125
0,0,0.353693367705426,21.1624447327758,8.70276779509755,0.0834935428991368,23
0,0,0.356092522838341,21.1411510133547,8.93210811228716,0.0946161645674062,23
0,0,0.337877028541565,21.4479262383099,8.98385020454422,0.105822237931322,23
0,0,0.337127197744165,21.8020638658166,9.0019014163452,0.100725379206103,23
0,0,0.347540825429286,21.9753598630524,9.04871690781297,0.0948701455744797,23
0,0,0.316953755790183,22.3079156658162,9.20256308263643,0.100058957959175,23
0,0,0.329425808087788,22.4142598657121,9.52361255509792,0.0777009630418639,23
1,0,0.337265770456096,22.1765806503983,9.79924054493282,0.0636878567351002,23
0,0,0.28717230417923,22.1555255059282,9.62539045795884,0.0649073667854208,23
0,0,0.311986197295336,22.9006967718731,9.2628154108545,0.0915418455299022,23
0,0,0.291951870072631,23.4814003514372,8.77792145041239,0.100587861092999,23
0,0,0.306238148770238,24.2649074237179,8.66302874163067,0.120661096269197,23
0,0,0.281979981108028,24.8651463364484,8.37640567555747,0.106314084026254,23
0,0,0.306843198885384,25.021971178246,8.18506678342045,0.104819698794125,23
0,0,0.262326462861118,24.9918281322982,8.22441095670622,0.124870485345258,23
0,0,0.309331335174354,24.6377320684855,8.29727105911529,0.113142834135801,23
0,0,0.291399373335143,23.7874306694499,8.60141764373281,0.0777358295175527,23
0,0,0.275746386815362,22.6215890476423,9.0043228748319,0.0608547256247441,23
0,0,0.274530085945788,22.0997896813953,8.86593905536502,0.0628871589283545,23
0,0,0.269073455495242,21.9856123964259,8.5831563549719,0.0539438282647071,23
1,0,0.237558399284038,21.9794944261853,8.49420398172727,0.0642089826840792,23
1,0,0.255386264215334,22.1484501208615,8.64543574908439,0.060085386509176,23
0,0,0.244852894603166,22.5299839954936,8.59479653422233,0.064739619563249,23
0,0,0.243555699710805,22.8384712758725,8.62459220557121,0.0833375260770796,23
1,0,0.243016561187991,23.3087488703316,8.50744759329834,0.0903550340023914,16.4268900999293
0,0,0.267745805928829,23.5988347360338,8.39600665313834,0.0703690086197306,16.4284336737958
0,0,0.257220414122451,23.548126818142,8.29368423060315,0.0648563901167677,16.4258723026324
0,0,0.24849150276155,23.6709687323245,8.35132473917633,0.0717929279999694,16.4243371835909
0,0,0.25199167521083,24.0111138924377,8.36290180096138,0.0816588988871556,16.4240627882554
0,0,0.232902636903153,24.2180543709452,8.3731430334838,0.0733891974829454,23
0,0,0.283306922147988,22.6711420823951,9.68507852314614,0.0629200304695023,16.6959893172959
0,0,0.295399693898666,22.7362712879631,9.5901259995198,0.0633461688857347,19.4000244140625
0,0,0.289522297129719,22.4755203404197,9.40866550201997,0.072948501809696,23
0,0,0.274724908144866,22.3420444868728,9.42021706515642,0.0634946556152274,23
0,0,0.269033746287255,22.3751157535475,9.5545504789848,0.0823756231673489,23
0,0,0.277079734189395,22.5398504998676,9.70617569115144,0.0571666479446167,23
0,0,0.265865257196217,22.4123659356836,9.84285634549069,0.0552436322891912,23
0,0,0.282843188161001,22.3399798007949,9.92245049628126,0.0590197490493548,23
0,0,0.27540403540456,22.4801658385145,9.88578682263929,0.0591167944219493,9.7589111328125
0,0,0.291672423378736,22.5597215600067,9.77264835325392,0.0688333513893449,9.7589111328125
0,0,0.308196268976049,22.6479118317768,9.58411189175722,0.0770937414380448,23
0,0,0.317750842391026,22.4723908838328,9.57729203527325,0.0764918703738726,23
0,0,0.341302775376959,22.0948742798216,9.59109182874834,0.0710878913242843,23
0,0,0.362327814595931,21.9089124637358,9.48931211556651,0.080448366620378,23
0,0,0.356631706759047,22.2395897814992,9.33432061244993,0.0877945060481027,23
0,0,0.356075773775689,22.5462040549182,9.35399132372951,0.0917236936789572,23
0,0,0.377612296205819,22.2728456217812,9.2946885569277,0.0867852500329073,23
0,0,0.373792656406567,21.5703646687729,8.9681290631533,0.0814457711791554,9.805419921875
0,0,0.350994449991922,21.2428108651483,8.70593544802577,0.0995558818744094,9.805419921875
0,0,0.321930248216782,21.8936471767533,8.67547574362546,0.11506839498366,23
0,0,0.341360707873151,22.7653973894434,8.91571800842199,0.107603066875987,23
0,0,0.407046401787724,23.0278167572625,8.88842119084861,0.0919946776000976,23
0,0,0.408662170269316,22.8085357381825,8.62662155995414,0.0764106252557027,23
0,0,0.316889314989909,22.5189710355457,8.59688990118793,0.0909135220524365,23
0,0,0.30005816076594,22.8091056214233,8.76697200056319,0.110134650117425,6.8218994140625
0,0,0.302374515493706,22.8229446074266,8.87434511441383,0.0906335137068394,6.8218994140625
0,0,0.367299039618264,22.0813748054671,8.63989885127423,0.0751762680842209,23
0,0,0.365817830990183,21.1247948940667,8.69930683369738,0.0756814476979024,23
0,0,0.332674777579485,20.8069699399377,8.99352425462452,0.0921147346950259,23
0,0,0.354475873064744,21.2381617249634,9.02552835250219,0.102635124655887,23
0,0,0.372950790566792,21.4181444660777,8.92819805648121,0.102489901109627,23
0,0,0.357556376617749,21.7165688411442,8.93566105051714,0.10346921567792,23
0,0,0.360071164177119,22.1949992532069,9.01601937182775,0.0989887215307064,23
0,0,0.355143986641576,22.6764166237477,9.15053112253471,0.107087124673368,23
0,0,0.309814870762663,23.4169980145822,9.27475691853563,0.1092875685927,23
0,0,0.321449275200193,23.7287081991263,9.42237698283382,0.0795117497599946,23
1,0,0.314963668824017,23.2590522247761,9.47617761650288,0.067606683679799,23
0,0,0.301899267882711,23.1660995143646,9.19330022244509,0.0843360363954481,23
0,0,0.302869010129786,23.4093448168896,8.55371599795791,0.083839454411145,23
0,0,0.291967527061898,24.2294017579433,8.17748306561049,0.0905004502824982,23
0,0,0.286665856789481,24.7621342680872,8.28536947433315,0.104538349189888,23
0,0,0.238882739233278,25.3122054744845,8.04589457541462,0.131651732009118,23
0,0,0.273586143640984,25.6452294732336,8.23211889035192,0.124809635498886,23
0,0,0.30872117725688,25.1946449718253,8.12874125384024,0.0924437543549656,23
0,0,0.273785635516733,24.4008015552395,8.28479752759458,0.0883591524486722,23
0,0,0.298008535645487,23.5762543027882,8.65248376659471,0.0615624403995828,23
0,0,0.263761890616387,23.0668249763586,8.61228446604404,0.0663624912632595,23
0,0,0.261272350932022,22.6883460620821,8.44669607100209,0.0630129074382743,23
0,0,0.271416910081488,22.2125173579739,8.60432768190868,0.0554898569439399,23
0,0,0.264559403760993,22.0342015668366,8.76902289044288,0.0557387311191245,23
0,0,0.260605497793515,22.3605057836109,8.73131923563223,0.0720084563626232,23
1,0,0.271848181408861,23.0539807875572,8.44425663068295,0.121711882533053,23
0,0,0.261658608576049,23.9512636691401,8.33113194877173,0.103554983544877,16.4301878941915
1,0,0.261449186012733,23.8841219820956,8.47388203316138,0.0692785238111227,16.4346314301847
0,0,0.26464045218766,23.1719083703282,8.40617136980495,0.0709810862756518,16.4276079051905
0,0,0.276249504252227,23.2013366482465,8.49165096283301,0.0609522305824054,16.4246826171875
0,0,0.27088857885902,23.3944439402819,8.4169799089291,0.059637836495807,16.4246826171875
0,0,0.27012256038712,22.2262363508471,9.58877820781903,0.0583247918381283,14.3835607856606
0,0,0.299748287185982,22.3314562889325,9.56147182896542,0.0643679747552141,6.2930908203125
0,0,0.29215177370962,22.1662038085185,9.46834640999556,0.0565845027874536,23
0,0,0.315484162795114,22.0917027721153,9.39275092737403,0.0871334172457642,23
0,0,0.3072097264298,21.9468955828996,9.77382312147611,0.0674485742369695,23
0,0,0.310888205877157,21.9193887275318,9.81910652597558,0.0829903199883425,23
0,0,0.314460231232343,22.1258517046956,9.73085753185953,0.0975558196882564,23
0,0,0.351136509894562,22.3689146387123,9.55451166202588,0.112858181597965,23
0,0,0.380473592724118,22.4098337941112,9.57203709261974,0.0912127114290631,23
0,0,0.382788640132285,22.1148258076114,9.63701943189036,0.0823839096076543,23
0,0,0.37165707294595,21.3673497101531,9.4563799495799,0.0858300860431554,23
0,0,0.383159336818617,20.8628931580727,9.30776370726639,0.083446271653366,23
0,0,0.350914496465775,21.232951552208,9.05842141558012,0.0925679721799109,23
0,0,0.377236033488782,22.0500042711455,9.12385977060342,0.0860465438126866,23
0,0,0.34649215198886,22.7438395167623,9.0171683888723,0.0892341156830562,23
0,0,0.346673908999132,23.0198316739142,8.66479469237504,0.0787395755218137,23
0,0,0.366749678372824,22.8851490801824,8.65253887738649,0.093767786461627,23
0,0,0.361901088914061,23.1679028819652,8.84425270274377,0.100754424218172,23
0,0,0.297128163595666,23.4976728092737,9.03441355466398,0.103652727851883,23
0,0,0.303903005890784,23.1140141072477,8.99182330111421,0.0957788763095859,23
0,0,0.358171687610911,21.8179778612392,8.89765385493545,0.0756589582795587,23
0,0,0.383691272227127,20.9737190654224,8.92002007409705,0.0846715005404911,23
0,0,0.368123460323758,20.9914764172282,9.10163525322582,0.0887792011864939,23
0,0,0.365217987893464,21.240263183875,9.18922155311196,0.0821936494669493,23
0,0,0.326381511711732,21.6797391981604,9.11146966272218,0.0895261363361131,23
0,0,0.362083136595967,22.2112712509676,9.04499775915053,0.0858750547982605,23
0,0,0.366930308887988,22.7126198166951,9.06947062887963,0.0930533879054426,23
0,0,0.337404180431337,23.3074013318525,9.07691888984321,0.0948541104510383,23
0,0,0.295960136359131,24.0829368963679,9.20836003193582,0.102769327524265,23
0,0,0.321073331096009,24.3290470407272,9.38572938168676,0.102061254525961,23
0,0,0.327092013501759,24.4082985779897,9.09784902101806,0.0965726981103947,23
0,0,0.288985344970366,24.1786515835158,8.2851614783968,0.0852440112317008,23
0,0,0.29873107110051,24.4503197693114,7.86347847474007,0.107787414719971,23
0,0,0.300781852868056,25.0673217390867,8.26034536988114,0.108103024276422,23
0,0,0.269008021193631,25.905512746726,8.21654689692419,0.11717072385251,23
0,0,0.313307701119436,25.8054440339794,8.17869397810676,0.104714788795661,23
0,0,0.27553241076221,25.3723085187792,8.05957565716442,0.100009303926318,23
0,0,0.290422572323785,24.8284059022221,8.25607938117609,0.0857403020036785,23
0,0,0.28929446196005,24.0923925310023,8.55732247895207,0.0543405417303894,23
1,0,0.262213137300454,23.4333722224741,8.66540015741801,0.075047812442331,23
0,0,0.255755277913005,23.0138437659421,8.70038092696901,0.0651595287128457,23
0,0,0.273832392212332,22.6004287188735,8.90000787719692,0.0586962375560047,23
0,0,0.27596254094473,22.5843512860955,9.03736231897937,0.0669192525832215,23
0,0,0.253389266019946,22.9913255061775,8.91486656292308,0.0945175442627292,23
0,0,0.283222529144429,23.5138123839234,8.52267246555154,0.116883464268957,23
0,0,0.283842584278924,24.118187544231,8.37773064462958,0.0914078810053462,23
0,0,0.263363498106338,23.8902547965315,8.65853807930699,0.068800609106945,16.4381034017805
0,0,0.250138064284961,22.8524423268296,8.72271072121473,0.0515669639865541,16.4333489372804
0,0,0.26726629358092,22.5511706040185,8.75700666150045,0.0561474835862984,16.4246826171875
0,0,0.261180585680834,22.8937877654957,8.51415458835844,0.0581170319671847,23
0,0,0.295122066852522,21.7700172062049,9.55077043495404,0.0626477633564443,6.29500500999876
0,0,0.291045139502232,21.7785347048696,9.48246558414907,0.0574299414449833,6.3040771484375
0,0,0.320240638299045,22.3650871744856,9.99445270798362,0.104408344421376,23
0,0,0.32295834378463,22.9985564131012,9.89213208316686,0.0978301485328916,23
0,0,0.402697093466352,22.886798829496,9.91323091596304,0.0946040635866488,23
0,0,0.366221172791864,22.5705636593102,9.7290194041318,0.100829723266935,23
0,0,0.332743881358263,22.5211250240753,9.76141342909693,0.0987457813408133,23
0,0,0.384019603971053,22.4373239912714,9.93147263734815,0.0742371263614845,23
0,0,0.367623969564305,21.9081052070505,10.0572524803508,0.0849647683063597,23
0,0,0.333505022869731,21.8561099731561,9.68765277335191,0.0827035518787046,23
0,0,0.341688255815399,22.325568322027,9.3362186281779,0.0910541176639045,23
0,0,0.323700956277103,22.71992353978,8.95827250865199,0.0816585894837727,23
0,0,0.308402566778981,22.676487818208,8.69256098322616,0.0684070985857107,23
0,0,0.292995487560514,22.7238572674538,8.79613471744045,0.0862471299353465,23
0,0,0.295734814657063,23.2123880223704,8.88927807684442,0.101536114435561,23
0,0,0.329066335101218,23.5386903614691,9.06355043964931,0.0946825572657211,23
0,0,0.327427671432433,22.9778936625423,9.09966812459244,0.0823887241643999,23
0,0,0.28535967088351,21.9183326822836,9.10567057826298,0.0642989635054691,23
0,0,0.338224113561025,20.691777246668,9.32247162799716,0.0699413165922877,23
0,0,0.355227383504567,20.5052158922733,9.30756688349441,0.0888968940332936,23
0,0,0.360599891639458,20.9039275381358,9.18034123856305,0.0865219158337738,23
0,0,0.381998617539701,21.3838302352576,9.13601385300009,0.0816527776823059,23
0,0,0.314581730884915,22.1123657729333,9.13108936338564,0.083276376718793,23
0,0,0.357892236436085,22.7094133876849,9.08572886725088,0.0798932359603851,23
0,0,0.373769302469907,23.0887309724125,9.00453245470191,0.0798401441032141,23
0,0,0.338492781066741,23.6838800040817,9.14990560810691,0.0945136037177791,23
0,0,0.323194626313823,24.114006205034,9.29840631385172,0.0765631542062509,23
0,0,0.313786686147688,24.3540419501846,9.0327085434733,0.0797986099433592,23
0,0,0.289603552620238,24.2891077613777,8.32588419373879,0.0824300191158754,23
0,0,0.34469354418363,24.842416171244,7.99019462487101,0.0870634371495307,23
0,0,0.287421996234817,25.829828458591,8.3052118425722,0.110193116729454,23
0,0,0.291525016284159,25.9140500186054,8.22732220571771,0.121533165932177,23
0,0,0.295312578185835,25.7727777074602,8.14203604089452,0.0962479234176599,23
0,0,0.271421533351026,25.4666384990288,8.18919072695864,0.092777503975158,23
0,0,0.271276941374825,24.9615167247094,8.32725582017748,0.0679667738777871,23
0,0,0.290015966165195,24.0973386819948,8.66689299347694,0.06390889387141,23
0,0,0.286540850719665,23.3675807402478,8.91807511747007,0.0690478675358719,23
0,0,0.27575849358684,22.9529052944028,8.89149163867999,0.0674235112912467,23
0,0,0.285516352377624,22.8623347213623,8.82162968472753,0.0705918728604355,23
0,0,0.282550317211895,23.2393144764184,8.77537014873192,0.0749019656993903,23
0,0,0.279580715247752,23.7604377932468,8.63962921218307,0.0936017725935957,23
0,0,0.283299979168626,24.3618018634639,8.48650311227857,0.123835212502127,23
0,0,0.264976484641533,24.471635627929,8.4003684474794,0.0866056053114494,23
0,0,0.275714000941883,24.0084711895002,8.68737430052874,0.0689371051171469,23
0,0,0.296740563013422,23.0186154456971,8.88835229429218,0.0512057806496983,23
0,0,0.260736439847903,22.5841311675539,8.8678762801561,0.0602404263029866,23
0,0,0.251066137595497,22.897646547174,8.55655970697498,0.058475354415547,23
0,0,0.335949043341196,22.4319749325872,10.0487602998449,0.109897506420619,23
0,0,0.304516823506346,23.3123130544648,10.0459417436105,0.112728440881513,23
0,0,0.362096765378988,23.5351267746926,9.83091994506783,0.101734062577379,23
0,0,0.353737729008965,23.3242492522542,9.70526555569709,0.0994131506125153,23
0,0,0.312460920016302,23.350005086081,9.8756869930083,0.110528901266694,23
0,0,0.378163754444395,23.9382168330515,9.99389474568584,0.0936796627482947,23
0,0,0.322902641090402,23.5811217968837,10.0480295347256,0.0887889161754333,23
0,0,0.319636291721496,23.1206334059276,9.7334685251445,0.0909823844870458,23
0,0,0.324426017316182,22.8661691878741,9.27172098900037,0.0900594034930246,23
0,0,0.324874445079716,22.1120509020722,8.80845674557707,0.062372053314749,23
0,0,0.313142919034799,22.0322815444174,8.6441066980659,0.0700863032467551,23
0,0,0.336905729037354,22.3461481388874,8.65799575564704,0.0781044322386712,23
0,0,0.317172032228963,22.3042290797491,8.7711009729838,0.0777030843179711,23
0,0,0.31864648350777,21.982509487758,8.98142444887341,0.0792332188229982,23
0,0,0.30001814559022,20.6857367227035,9.39442685433766,0.063473691631677,23
0,0,0.333934965053163,20.5168880825484,9.33416759162829,0.0871934041486599,23
0,0,0.317062003003819,21.0584668232866,9.2996159961654,0.103127184081889,23
0,0,0.371709120034098,21.6522828425889,9.21608786827516,0.0852410980686328,23
0,0,0.38801695611296,22.3343959749446,9.11507053843915,0.0910480944255477,23
0,0,0.376640775384241,22.9419902284314,9.14983606341302,0.0929876013211837,23
0,0,0.359337802593006,23.3221401665783,9.10885515059191,0.0770974624043722,23
0,0,0.301401897346981,23.9424505931297,9.11718091935381,0.103910894039013,23
0,0,0.323209870312436,24.569127102015,9.08654048427497,0.080723650620769,23
0,0,0.255912897786556,25.215089923575,8.10726683931047,0.104613393092658,23
0,0,0.247665021707787,26.1707307869245,8.52728256570896,0.124126989701914,23
0,0,0.271945717508299,25.6306372308486,8.37870057624156,0.123559890258662,23
0,0,0.249951689723249,25.8838833917255,8.28786459305899,0.0978783154695991,23
1,0,0.249031289492659,25.6368402441741,8.23173489681871,0.0770675425306106,23
0,0,0.262522284194635,25.0348852771985,8.40079834324896,0.076077048137595,23
0,0,0.273524273079945,24.1674269641062,8.82901065865492,0.0812766638765548,23
0,0,0.285916674158194,23.7633395390644,8.98716584184284,0.0847294040171685,23
0,0,0.286252359074769,23.69553342587,8.77948076782362,0.0887282119535933,23
0,0,0.283890729043966,23.7463242961942,8.5207139282195,0.117980599760805,23
1,0,0.284595430839582,23.9879927296454,8.42071547757874,0.0947309266597706,23
0,0,0.310425925134499,24.2116638688807,8.31135014970322,0.0909301608726618,23
0,0,0.314597407951092,24.6099051654404,8.29480027236176,0.111477507893018,23
0,0,0.248608107395856,24.8370307596549,8.34762844566523,0.0973925117066261,23
1,0,0.249797349474896,24.4696422640906,8.54223033480245,0.0649148009198525,23
0,0,0.276609358182419,23.6616214240447,8.70749158438835,0.0537609796906989,23
0,0,0.261052878584116,23.0651321499067,8.76365722745611,0.0665874671519148,23
0,0,0.264776762263656,22.9481150365521,8.57833955720388,0.0563307507690038,23
0,0,0.357423661678931,24.5038339644318,10.0054416916413,0.104250404071018,23
0,0,0.368069200638889,24.0335323679538,10.2236247973466,0.0953767348015076,23
0,0,0.334983791448235,22.8472192522143,10.2051340969032,0.0738872792186524,23
0,0,0.321288705904432,19.9769485890294,9.23013378913942,0.069172011443909,23
0,0,0.334286707671413,20.767836167372,9.26839532714281,0.0853063555814155,23
0,0,0.339674432847749,21.7902400802508,9.17640537267076,0.0809429223173589,23
0,0,0.348932428526985,22.7913291205779,8.90290006119343,0.0794995939427376,23
0,0,0.361538281141778,23.4577734561762,8.82994575466681,0.0861749699952374,23
0,0,0.354077410569415,23.9730886566382,8.88640119874146,0.0750356624517081,23
0,0,0.320560392501118,24.5361169070097,8.86952836428753,0.0888732308203384,23
0,0,0.254504473635642,25.5612488906915,8.58530997353489,0.122107089476324,23
0,0,0.260515603661436,25.7702410405038,8.45739430240855,0.079899342733376,23
0,0,0.246632162132507,25.5894312408491,8.39862836438773,0.0760271890382169,23
0,0,0.251455484849393,24.7479604053357,8.62027545708852,0.0676961489148897,23
0,0,0.257726770401091,24.0050910029675,8.94837888784546,0.0750223170824642,23
0,0,0.266102483071588,24.0468086955248,8.8749103346834,0.107879999854072,23
0,0,0.288393056402847,24.4871173893876,8.5878803814383,0.122320484397635,23
0,0,0.295334264863956,24.6850300228671,8.29828780481589,0.119589266834791,23
0,0,0.296083799787892,24.7856063098744,8.25511781331513,0.117976293601554,23
0,0,0.324788172162111,24.766570447248,8.17430958259262,0.105082580907933,23
0,0,0.299584999479518,24.8000262294095,8.1571635768617,0.0971679728591733,23
0,0,0.234240588800258,24.9224572813197,8.26304935373976,0.115160191265568,23
0,0,0.216513837323873,24.8275813733816,8.31571458540732,0.104388692812027,19.3753662109375
0,0,0.255961339497301,24.4218317649547,8.45343868979204,0.0711992003134112,19.3706436440949
1,0,0.27199760640532,23.644817442572,8.42609211779974,0.0563354993262822,19.3721390288258
0,0,0.262134539752594,23.0111075421136,8.47186895891711,0.0533173769817387,19.3731554217908
0,0,0.326327275127477,21.3473649095267,9.03437592993216,0.0923517587778082,23
0,0,0.344648050845104,22.3784932294109,8.7867034941856,0.0910706426053895,23
0,0,0.271318253906189,26.5404685619342,8.83321992092456,0.10942954860199,23
0,0,0.262447639189919,25.7583958191034,8.82218358289368,0.0967625007499729,23
0,0,0.260117492473696,25.4803882923019,8.67309827311899,0.0878452472834717,23
0,0,0.257409279795149,25.4645270593023,8.56736940851422,0.0801666063544464,23
0,0,0.273867410434405,24.4885593730399,8.96016837169106,0.0713224572431244,23
0,0,0.281085201471535,23.7377721758767,9.10057768954909,0.074227108154159,23
0,0,0.267125654127979,23.7624359523631,8.82876424431587,0.0821521412083144,23
0,0,0.29489266551138,24.4558463467323,8.42617817414714,0.110240767820935,23
0,0,0.293746861763172,24.9875589253584,8.12905276688425,0.113833160040359,23
0,0,0.331039800476324,25.028983557439,8.06351062198033,0.0918130886074348,23
0,0,0.324414536479884,24.896661239837,8.1778370766525,0.0992266357303892,10.2301025390625
0,0,0.269756415843239,24.9638971829363,8.12912234892894,0.0995996727465578,10.2324990097568
0,0,0.278429309925925,24.7202454086317,8.11038849974654,0.0920499545601046,14.4578317824393
0,0,0.277001835262913,24.4316919335686,8.09594660573006,0.0709367862820111,19.3753662109375
0,0,0.264120938754585,24.2343139703053,8.08538129774326,0.0657597359765611,19.3753662109375
0,0,0.267449105915551,23.7228656316773,7.98334424414837,0.0512493213859818,19.3735645406239
0,0,0.262382897964061,26.0347029780403,8.77906784537328,0.101748224972515,23
0,0,0.26634892255717,25.4938078014066,8.90272979293639,0.0835705839630462,23
0,0,0.258109122620493,24.9935670154694,8.99423860919842,0.100114345359255,23
0,0,0.300130046868164,24.6446975348821,8.12350307631597,0.0893222127295716,10.2319858666959
0,0,0.284559261873319,24.5485531796163,8.09077841524541,0.0821930534680214,10.2314022060772
0,0,0.275528511807821,24.2902646238054,8.06689814965731,0.0836062206198703,15.3649858426589
0,0,0.292163943030531,23.8821490021514,8.10202698101919,0.0636478489038336,19.3753662109375
0,0,0.265560793621731,23.5238662573579,7.98022972018738,0.0671856948745697,19.3740861323541
0,0,0.262426405651681,23.1698110648531,7.86071139857471,0.0518321583864643,19.3726827495345
0,0,0.287996126276053,24.6937101976133,8.22557513971395,0.076917191454569,23
0,0,0.274129590664154,24.4431055225726,8.06429436789843,0.0889278472285455,10.2299655113033
0,0,0.269972297463751,24.2108304892161,7.99115204877402,0.066278666751834,18.9646226114981
1,0,0.255707186168063,23.4753254048794,8.11630397614399,0.0597374644384356,19.3753662109375
0,0,0.289704093465948,22.8910547538678,8.1469158959328,0.0561780818549817,19.3752885127616
0,0,0.267407929018093,22.6310194273538,8.10001971881044,0.0530995839844539,19.3755086954056
0,0,0.274840720723953,24.9753359090379,8.60593959439621,0.0920163087512628,23
0,0,0.284855485784501,24.6390543399086,8.24198919266825,0.0838379881272256,23
0,0,0.292094021424281,24.331716248569,8.23741558720077,0.0728589837629812,23
0,0,0.267563037267274,23.4468490596053,8.53682069945477,0.0609516641079353,19.3753662109375
0,0,0.274359910351073,22.8858082695538,8.6359572728323,0.0599891815404762,19.3731798910126
0,0,0.261112882726205,23.0772231302328,8.25324532518678,0.0605828305398378,19.3860581313081
0,0,0.278047177874689,24.6526736334368,8.47928490342984,0.0822518197279886,23
0,0,0.279987799820355,24.2365594214916,8.49761477014311,0.0846905400121289,23
0,0,0.292973534979583,23.6408512604027,8.81132089581958,0.0674202910760548,23
0,0,0.255263547975625,23.220017472145,8.68568882918337,0.0777359553439634,23
0,0,0.215949702295656,23.6120767816027,8.11270378876959,0.0723657051072355,23
0,0,0.267357355691039,24.3674620771545,8.42011663532834,0.0716927566629959,23
0,0,0.256862094663839,23.8866278764376,8.29699839792374,0.0756692224056326,23
1,0,0.311727271575212,23.507414771998,8.51683080401561,0.0623314828940572,23
0,0,0.260252575414067,23.3228995521542,8.31113815554522,0.0628775443875156,23
0,0,0.250539341714437,24.2945902377136,8.37672625333993,0.0791905167514681,23
0,0,0.234870378334535,24.1524700226672,8.15720340165446,0.0847973016973673,23
0,0,0.273401266809923,23.9395988739893,8.08747760830814,0.0690332569774577,23
0,0,0.280825310459899,23.5436155555089,7.94117225668106,0.0623162830186368,23
0,0,0.272726316817146,24.2738725253183,8.17352308923263,0.0786115590789616,23
0,0,0.246406005468983,24.4111269810192,8.10723660161591,0.0922219683102419,23
0,0,0.283427290592975,24.3315446998209,8.05339412267876,0.0688269516496549,23
0,0,0.275840756496483,23.5459000480103,8.17332931752069,0.0536445486673701,23
0,0,0.261176121011143,24.8623080206195,8.02999237423147,0.0753283217407701,23
0,0,0.269094644631035,24.4999090654748,7.98092927537301,0.0765956418615286,23
0,0,0.280404635481446,23.9088778093262,8.09841123450893,0.0600524743697255,23
0,0,0.226867568898797,25.2518743354596,7.87353053173868,0.0830343039827624,23
0,0,0.231843018209896,24.497092880317,7.93014352416792,0.0650719968533098,23
